benchmark,implementation,compiler,environment,mean,std,min,max,repetitions,iter0,iter1,iter2,iter3,iter4,iter5,iter6,iter7,iter8,iter9,iter10,iter11,iter12,iter13,iter14,iter15,iter16,iter17,iter18,iter19,iter20,iter21,iter22,iter23,iter24,iter25,iter26,iter27,iter28,iter29,iter30,iter31,iter32,iter33,iter34,iter35,iter36,iter37,iter38,iter39,iter40,iter41,iter42,iter43,iter44,iter45,iter46,iter47,iter48,iter49,iter50,iter51,iter52,iter53,iter54,iter55,iter56,iter57,iter58,iter59,iter60,iter61,iter62,iter63,iter64,iter65,iter66,iter67,iter68,iter69,iter70,iter71,iter72,iter73,iter74,iter75,iter76,iter77,iter78,iter79,iter80,iter81,iter82,iter83,iter84,iter85,iter86,iter87,iter88,iter89
backprop,js,browserify,chromium38,1.4141,0.0712,1.3554,1.6721,44,1.5446,1.4056,1.3580,1.5212,1.5251,1.5277,1.5123,1.6721,1.3666,1.3700,1.4638,1.4734,1.3658,1.4108,1.3642,1.3646,1.3819,1.3657,1.3637,1.4552,1.3680,1.3689,1.4555,1.3569,1.4604,1.3620,1.3595,1.3618,1.3600,1.3630,1.3630,1.4530,1.3576,1.4531,1.3620,1.3686,1.3665,1.4572,1.3678,1.3756,1.3554,1.3674,1.4569,1.4887
bfs,js,browserify,chromium38,0.6438,0.0081,0.6384,0.6885,42,0.6646,0.6467,0.6422,0.6442,0.6427,0.6426,0.6424,0.6436,0.6402,0.6422,0.6424,0.6421,0.6403,0.6402,0.6434,0.6406,0.6419,0.6416,0.6419,0.6432,0.6422,0.6471,0.6422,0.6424,0.6391,0.6429,0.6426,0.6418,0.6448,0.6431,0.6414,0.6420,0.6418,0.6434,0.6439,0.6432,0.6885,0.6424,0.6404,0.6384,0.6400,0.6389
backprop,js,browserify,firefox39,1.5866,0.0686,1.4691,1.7952,42,1.6429,1.5339,1.6130,1.7952,1.6203,1.6169,1.5502,1.7637,1.6128,1.6018,1.4961,1.6033,1.6198,1.6204,1.6077,1.6109,1.6161,1.5994,1.6110,1.6300,1.6047,1.6209,1.6444,1.5121,1.4750,1.6098,1.4737,1.5250,1.4691,1.6067,1.4730,1.5950,1.5322,1.5197,1.6096,1.6101,1.5343,1.4718,1.6035,1.5957,1.5936,1.5904
bfs,js,browserify,firefox39,0.4959,0.0103,0.4865,0.5433,42,0.4865,0.4921,0.5433,0.4906,0.4919,0.4903,0.4911,0.4910,0.4932,0.4928,0.4930,0.4910,0.4896,0.4960,0.4911,0.4998,0.4893,0.5116,0.4971,0.4901,0.4954,0.4912,0.4919,0.5149,0.4918,0.4893,0.5009,0.4936,0.4934,0.4972,0.4906,0.4899,0.4922,0.4930,0.4909,0.5201,0.4915,0.4925,0.5030,0.5066,0.4915,0.4968
crc,js,browserify,chromium38,1.3389,0.0500,1.2884,1.5035,42,1.2894,1.3012,1.3282,1.3558,1.3603,1.3993,1.3619,1.3537,1.5035,1.3645,1.3647,1.3609,1.3202,1.3232,1.3416,1.3186,1.2975,1.2940,1.3029,1.2884,1.2906,1.3184,1.2969,1.2892,1.3204,1.3180,1.4510,1.4148,1.3186,1.3593,1.3940,1.4736,1.3205,1.3183,1.2922,1.3321,1.3009,1.3227,1.2891,1.3179,1.3227,1.3420
crc,js,browserify,firefox39,2.5784,0.0317,2.5450,2.6826,42,2.6097,2.6051,2.6009,2.6186,2.6084,2.6294,2.6204,2.5944,2.5953,2.6030,2.6015,2.5894,2.5461,2.5524,2.5469,2.5706,2.5468,2.5475,2.5465,2.5470,2.5740,2.5450,2.5712,2.5646,2.5599,2.5481,2.5690,2.5693,2.5631,2.5554,2.6387,2.5645,2.5491,2.5613,2.5458,2.5465,2.6826,2.5739,2.5953,2.6118,2.5749,2.5501
fft,js,browserify,chromium38,3.3252,0.1239,3.1856,3.8797,42,3.4984,3.3436,3.3356,3.4130,3.4370,3.4448,3.3054,3.4559,3.4386,3.8797,3.3182,3.4410,3.4297,3.2149,3.2846,3.2090,3.3065,3.2102,3.2726,3.1871,3.2986,3.1925,3.3355,3.2925,3.3011,3.2893,3.2773,3.4811,3.2861,3.3989,3.2967,3.2231,3.2904,3.2287,3.3217,3.2700,3.2752,3.3116,3.2989,3.1856,3.1869,3.1932
fft,js,browserify,firefox39,5.4602,0.2341,4.7799,5.9369,42,4.7799,5.2648,5.5006,5.5880,5.1769,5.4518,5.5618,5.4502,5.9292,5.5779,5.5811,5.4083,5.3767,5.5422,5.7113,5.6907,5.4172,5.4815,5.5034,5.9369,5.5826,5.6417,5.2197,5.4241,5.4842,5.1475,5.5572,5.0116,5.3674,5.5253,5.4694,5.7898,5.8051,5.4766,5.5921,5.2765,5.3063,5.6711,5.1081,5.4584,5.1228,5.3609
hmm,js,browserify,chromium38,3.6497,0.1197,3.5381,3.9495,42,3.8033,3.9495,3.7934,3.7982,3.8018,3.8128,3.8042,3.7906,3.7932,3.7992,3.7399,3.8058,3.7819,3.8062,3.5564,3.5384,3.5458,3.5748,3.5610,3.5642,3.5621,3.5635,3.5489,3.5556,3.5567,3.5656,3.6229,3.5567,3.6250,3.5916,3.5773,3.5654,3.5396,3.6329,3.5581,3.5381,3.5404,3.5415,3.5667,3.5485,3.5594,3.7498
hmm,js,browserify,firefox39,4.2925,0.1713,4.0760,4.6950,42,4.4437,4.4562,4.5014,4.4703,4.4613,4.4553,4.6502,4.4710,4.4989,4.4305,4.4283,4.4357,4.4889,4.4455,4.4376,4.1626,4.1935,4.2026,4.3557,4.2155,4.1442,4.1928,4.1114,4.1235,4.1357,4.2224,4.2665,4.1351,4.1142,4.1498,4.1307,4.1175,4.0760,4.4076,4.1291,4.6950,4.1441,4.1292,4.1124,4.1346,4.1430,4.2640
lavamd,js,browserify,chromium38,0.7429,0.0080,0.7291,0.7791,42,0.7502,0.7461,0.7404,0.7364,0.7291,0.7439,0.7437,0.7357,0.7383,0.7393,0.7440,0.7442,0.7442,0.7335,0.7513,0.7383,0.7478,0.7386,0.7449,0.7494,0.7453,0.7463,0.7460,0.7366,0.7413,0.7395,0.7380,0.7465,0.7427,0.7791,0.7558,0.7310,0.7405,0.7432,0.7360,0.7350,0.7363,0.7426,0.7438,0.7449,0.7493,0.7442
lavamd,js,browserify,firefox39,2.0559,0.0385,2.0059,2.2444,42,2.0532,2.0635,2.0593,2.0373,2.0463,2.0552,2.0427,2.0340,2.0419,2.0406,2.0559,2.0510,2.0565,2.0573,2.0698,2.0544,2.0737,2.1170,2.0414,2.0479,2.0581,2.0499,2.0407,2.0482,2.0910,2.0623,2.0566,2.0643,2.0463,2.0635,2.0365,2.1059,2.1159,2.0129,2.0236,2.0198,2.2444,2.0197,2.0192,2.0231,2.0059,2.0400
lud,js,browserify,firefox39,1.1750,0.0236,1.1370,1.2150,31,1.1680,1.1560,1.1370,1.1970,1.1800,1.1640,1.1430,1.2060,1.2060,1.1970,1.1460,1.2020,1.1750,1.1660,1.1820,1.1720,1.2150,1.1380,1.1530,1.1380,1.1710,1.1890,1.1700,1.1930,1.1830,1.1750,1.2150,1.1970,1.1590,1.1420,1.1890
nqueens,js,browserify,firefox39,6.9239,0.1382,6.6640,7.3110,41,6.8770,6.8580,6.8630,6.9550,6.9550,6.9340,6.9550,7.1130,6.9010,6.8240,6.9390,7.2800,6.9090,7.0210,7.1610,7.3110,6.8160,6.6640,6.9220,6.8420,6.7780,6.7930,7.0570,6.8370,6.7510,6.8540,6.8560,6.9100,6.8120,6.9550,7.0220,7.0000,7.1510,6.9270,6.7560,7.0030,6.8500,6.8170,7.0390,6.8070,6.8050
nqueens,js,browserify,chromium38,4.4390,0.0833,4.3260,4.7550,41,4.4680,4.3920,4.4380,4.3790,4.4590,4.4590,4.4630,4.4150,4.4780,4.4280,4.3870,4.4020,4.4490,4.4050,4.6420,4.4510,4.4450,4.4060,4.4020,4.3640,4.5020,4.5060,4.7550,4.4090,4.3780,4.4500,4.3290,4.3330,4.4310,4.4540,4.3940,4.5740,4.4110,4.3840,4.5850,4.3820,4.3260,4.3840,4.5110,4.3790,4.3910
nw,js,browserify,firefox39,0.1846,0.0015,0.1828,0.1900,41,0.1848,0.1836,0.1842,0.1889,0.1841,0.1884,0.1848,0.1828,0.1848,0.1836,0.1834,0.1844,0.1835,0.1849,0.1848,0.1839,0.1830,0.1834,0.1843,0.1841,0.1856,0.1844,0.1848,0.1900,0.1831,0.1828,0.1853,0.1839,0.1833,0.1849,0.1841,0.1848,0.1845,0.1839,0.1846,0.1871,0.1842,0.1841,0.1854,0.1844,0.1836
nw,js,browserify,chromium38,0.2763,0.0130,0.2708,0.3264,41,0.2792,0.2716,0.2711,0.2722,0.2714,0.2708,0.2720,0.2711,0.2728,0.2718,0.2718,0.2718,0.2719,0.2711,0.2712,0.2715,0.2710,0.2727,0.2730,0.2716,0.2734,0.2841,0.3256,0.2726,0.2729,0.2731,0.3107,0.2735,0.2734,0.2727,0.2734,0.3264,0.2723,0.2726,0.2740,0.2727,0.2718,0.2727,0.2747,0.2739,0.2722
pagerank,js,browserify,chromium38,0.4421,0.0137,0.4333,0.5201,41,0.4377,0.4408,0.4432,0.4406,0.4373,0.4396,0.4419,0.4354,0.4394,0.4408,0.4372,0.4389,0.4384,0.4370,0.4376,0.4381,0.4384,0.4391,0.4365,0.4387,0.4398,0.5201,0.4368,0.4414,0.4366,0.4363,0.4333,0.4728,0.4417,0.4394,0.4414,0.4392,0.4420,0.4385,0.4411,0.4416,0.4410,0.4401,0.4420,0.4425,0.4403
pagerank,js,browserify,firefox39,0.4377,0.0091,0.4280,0.4792,41,0.4329,0.4403,0.4354,0.4639,0.4412,0.4451,0.4392,0.4792,0.4320,0.4445,0.4382,0.4400,0.4306,0.4319,0.4374,0.4376,0.4362,0.4376,0.4377,0.4352,0.4367,0.4300,0.4308,0.4422,0.4306,0.4369,0.4280,0.4284,0.4384,0.4282,0.4366,0.4350,0.4330,0.4411,0.4408,0.4337,0.4357,0.4441,0.4358,0.4331,0.4318
spmv,js,browserify,chromium38,2.0003,0.0167,1.9683,2.0467,41,1.9949,1.9720,1.9912,2.0006,2.0206,2.0118,1.9921,1.9857,2.0126,2.0130,1.9995,1.9757,2.0012,1.9952,1.9990,1.9972,2.0125,2.0084,2.0362,1.9934,2.0301,1.9874,2.0467,1.9994,1.9863,1.9853,1.9855,2.0073,2.0002,2.0055,1.9933,1.9957,2.0212,1.9810,1.9962,1.9911,1.9918,1.9901,2.0131,2.0254,1.9683
spmv,js,browserify,firefox39,1.3630,0.0152,1.3386,1.4064,41,1.3907,1.3495,1.3600,1.3399,1.3652,1.3652,1.3723,1.3603,1.3722,1.3588,1.3717,1.3440,1.3542,1.3744,1.3667,1.3772,1.3422,1.3615,1.3794,1.3541,1.3480,1.3469,1.3526,1.3631,1.3746,1.3393,1.4064,1.3570,1.3797,1.3744,1.3470,1.3636,1.3657,1.3625,1.3386,1.3606,1.3588,1.3602,1.3525,1.3778,1.3951
srad,js,browserify,chromium38,7.3764,0.0569,7.3139,7.5768,41,7.3943,7.3315,7.3333,7.5281,7.3197,7.3139,7.3259,7.3663,7.3546,7.3675,7.3785,7.3824,7.3368,7.3809,7.3509,7.5768,7.3472,7.3272,7.3495,7.4210,7.3695,7.3599,7.5530,7.3742,7.3912,7.3556,7.3818,7.3458,7.4241,7.3784,7.3961,7.3795,7.4046,7.3473,7.3838,7.3863,7.3369,7.3590,7.3348,7.3518,7.3336
srad,js,browserify,firefox39,6.8241,0.8355,5.5101,8.3319,41,7.6546,8.3319,5.5484,5.5101,5.7031,7.1490,7.2301,7.0348,7.4843,7.4276,7.4084,7.4528,7.4185,7.4161,7.5245,7.4459,5.7456,5.9306,5.9648,7.4214,5.7380,6.3387,7.4493,7.4171,7.4571,7.4992,7.4428,7.4529,5.5505,6.1548,5.9144,5.6415,7.4741,7.4846,5.8695,7.4523,7.4993,5.8984,5.6244,6.1616,7.4668
bfs,js,browserify,chromium38,0.2334,0.0052,0.2264,0.2474,30,0.2321,0.2366,0.2264,0.2320,0.2296,0.2329,0.2328,0.2354,0.2279,0.2327,0.2386,0.2278,0.2299,0.2346,0.2292,0.2305,0.2325,0.2308,0.2379,0.2269,0.2323,0.2404,0.2306,0.2275,0.2346,0.2446,0.2328,0.2424,0.2474,0.2315
backprop,js,browserify,chromium38,1.4851,0.0574,1.3977,1.6454,30,1.5181,1.6454,1.4360,1.5187,1.4399,1.4458,1.4517,1.5253,1.5167,1.4681,1.4609,1.5377,1.4525,1.4455,1.4218,1.5459,1.4533,1.4610,1.4717,1.4473,1.5004,1.4080,1.5128,1.4928,1.6225,1.3977,1.4751,1.4343,1.4966,1.5501
nw,js,browserify,chromium38,1.1394,0.0754,1.0563,1.2915,30,1.1162,1.0708,1.0900,1.0709,1.0785,1.0772,1.0563,1.0589,1.0648,1.0572,1.0779,1.0754,1.0791,1.1520,1.2621,1.0948,1.1216,1.2915,1.0882,1.1849,1.2611,1.2219,1.2476,1.2219,1.2386,1.1890,1.2355,1.1433,1.1386,1.1168
backprop,js,browserify,firefox34,1.8031,0.0364,1.6898,1.8521,30,1.8521,1.8076,1.6898,1.7973,1.7949,1.7862,1.7942,1.7946,1.8362,1.7978,1.8070,1.8237,1.8005,1.7177,1.8225,1.7941,1.8097,1.8042,1.8018,1.7996,1.8024,1.7207,1.8248,1.8117,1.8367,1.8393,1.8205,1.8434,1.8316,1.8305
bfs,js,browserify,firefox34,0.2201,0.0023,0.2168,0.2258,30,0.2258,0.2198,0.2200,0.2187,0.2182,0.2234,0.2240,0.2172,0.2202,0.2189,0.2218,0.2226,0.2168,0.2211,0.2199,0.2181,0.2174,0.2182,0.2209,0.2226,0.2213,0.2213,0.2200,0.2241,0.2187,0.2195,0.2180,0.2204,0.2175,0.2175
crc,js,browserify,firefox34,2.7744,0.0473,2.7378,2.9896,30,2.7530,2.7517,2.7622,2.7642,2.7378,2.7647,2.7382,2.7641,2.7528,2.7593,2.7826,2.7798,2.7738,2.7728,2.7416,2.7549,2.7750,2.7544,2.7463,2.7778,2.7651,2.7448,2.8673,2.7544,2.7870,2.7732,2.7606,2.9896,2.7932,2.7897
hmm,js,browserify,firefox34,4.4997,0.0511,4.4195,4.6114,30,4.4730,4.6114,4.4878,4.4430,4.5111,4.4458,4.5222,4.4370,4.5602,4.4748,4.4864,4.6027,4.4692,4.4871,4.5276,4.4352,4.5278,4.5551,4.5439,4.4811,4.4195,4.5057,4.5805,4.4846,4.5153,4.4916,4.4619,4.4537,4.4373,4.5584
lavamd,js,browserify,firefox34,2.0716,0.0343,2.0220,2.1302,30,2.1265,2.0267,2.1299,2.1302,2.0296,2.0865,2.0235,2.0731,2.0847,2.0319,2.0220,2.1057,2.0723,2.0534,2.0755,2.0418,2.0708,2.0278,2.0786,2.1175,2.0769,2.0393,2.1004,2.1082,2.0860,2.0461,2.0972,2.0704,2.0894,2.0254
backprop,js,browserify,firefox57,1.7117,0.0177,1.6851,1.7496,30,1.7065,1.7161,1.7201,1.7144,1.6903,1.7083,1.6894,1.7049,1.7172,1.6851,1.7273,1.6926,1.6959,1.7228,1.6941,1.7000,1.6955,1.7477,1.7217,1.6870,1.7224,1.7042,1.7105,1.7111,1.7352,1.7496,1.6936,1.7372,1.7301,1.7203
srad,js,browserify,firefox34,7.4233,0.4662,6.2080,7.8199,30,7.8199,6.5646,7.7920,7.5239,7.5999,7.6362,7.5886,6.3407,7.6397,7.6190,7.6842,7.5541,6.2080,7.5709,7.6045,7.6422,7.6987,7.6581,7.5358,7.6102,6.4830,7.6685,7.6064,7.5940,7.5694,7.6792,7.5295,7.6159,6.4804,7.5829
fft,js,browserify,firefox34,4.1097,0.0627,4.0009,4.2117,30,4.2018,4.0905,4.0381,4.0898,4.1440,4.2117,4.1209,4.0773,4.1798,4.0922,4.1471,4.0586,4.1061,4.1373,4.1653,4.0290,4.1775,4.0037,4.0379,4.0951,4.0617,4.1466,4.0564,4.1588,4.1835,4.1341,4.0009,4.1573,4.0027,4.1839
nqueens,js,browserify,firefox34,5.1704,0.0976,5.0370,5.4120,30,5.0960,5.0910,5.1080,5.2810,5.1130,5.2320,5.3280,5.1810,5.1890,5.0440,5.0860,5.1560,5.1550,5.2410,5.4030,5.1130,5.0650,5.1020,5.4120,5.1750,5.1060,5.1650,5.0370,5.1190,5.3150,5.1670,5.1410,5.1420,5.1090,5.2390
nw,js,browserify,firefox34,0.9458,0.0604,0.7689,1.0264,30,0.9569,0.9697,0.9487,0.9524,0.9377,0.9541,0.9487,1.0127,0.9838,0.9798,0.9977,1.0264,0.7735,0.9601,0.9561,0.9600,0.9508,0.9502,0.9482,0.7689,0.9643,0.9544,0.9558,0.9644,0.7882,0.9652,0.9623,0.9536,0.9589,0.9720
pagerank,js,browserify,firefox34,0.4931,0.1333,0.4335,0.8528,30,0.8528,0.8114,0.8155,0.8269,0.4380,0.4423,0.4427,0.4503,0.4387,0.4380,0.4394,0.4375,0.4335,0.4446,0.4443,0.4379,0.4412,0.4376,0.4380,0.4508,0.4375,0.4408,0.4646,0.4399,0.4342,0.4416,0.4417,0.4410,0.4490,0.4412
spmv,js,browserify,firefox34,1.2013,0.0724,1.1385,1.5554,30,1.1923,1.2135,1.1793,1.5554,1.1751,1.1680,1.1826,1.1629,1.2087,1.2404,1.1977,1.1760,1.1890,1.1587,1.1927,1.1782,1.1707,1.2386,1.1659,1.1630,1.2038,1.2400,1.2019,1.1890,1.1385,1.2513,1.1654,1.1797,1.2098,1.1517
backprop,c,wasm,firefox57,0.7635,0.0099,0.7500,0.7930,30,0.7630,0.7590,0.7520,0.7570,0.7630,0.7740,0.7800,0.7810,0.7730,0.7500,0.7560,0.7670,0.7600,0.7680,0.7690,0.7610,0.7610,0.7930,0.7640,0.7540,0.7540,0.7700,0.7580,0.7530,0.7630,0.7500,0.7710,0.7630,0.7550,0.7620
lud,js,browserify,firefox57,1.1933,0.0660,1.1300,1.4780,30,1.1320,1.1780,1.1710,1.1460,1.1920,1.1370,1.1730,1.2390,1.1930,1.1360,1.2320,1.2550,1.2540,1.1970,1.1760,1.4780,1.1300,1.1330,1.1510,1.1730,1.1900,1.2350,1.2380,1.2000,1.1830,1.2060,1.1310,1.1950,1.1450,1.1990
bfs,cpp,wasm,firefox57,0.1102,0.0018,0.1080,0.1160,30,0.1090,0.1110,0.1110,0.1110,0.1090,0.1080,0.1090,0.1090,0.1120,0.1080,0.1130,0.1100,0.1100,0.1090,0.1120,0.1080,0.1090,0.1090,0.1120,0.1100,0.1090,0.1100,0.1100,0.1080,0.1100,0.1100,0.1110,0.1120,0.1120,0.1160
lud,c,wasm,firefox57,0.7420,0.0652,0.6930,1.0220,30,0.7300,0.7190,0.7190,0.7260,0.7180,0.7520,0.7270,0.7170,0.7180,0.7320,0.7370,0.7220,0.7280,0.7250,0.7550,0.7040,0.6930,0.7220,0.7350,0.7190,0.9210,0.7500,0.7250,0.7340,1.0220,0.7350,0.7310,0.7200,0.7020,0.7210
bfs,js,browserify,firefox57,0.2154,0.0050,0.2119,0.2328,30,0.2173,0.2133,0.2127,0.2172,0.2120,0.2132,0.2130,0.2127,0.2136,0.2125,0.2136,0.2125,0.2121,0.2328,0.2308,0.2192,0.2134,0.2187,0.2159,0.2142,0.2130,0.2160,0.2135,0.2127,0.2153,0.2194,0.2124,0.2135,0.2119,0.2122
crc,js,browserify,firefox57,2.5821,0.0318,2.5515,2.6758,30,2.5618,2.5573,2.5654,2.6063,2.5568,2.5685,2.5767,2.5559,2.6016,2.5839,2.5628,2.5997,2.6758,2.5704,2.5515,2.6180,2.5562,2.5585,2.5560,2.6009,2.5516,2.6613,2.6113,2.5567,2.5919,2.5836,2.5584,2.5941,2.6161,2.5541
crc,c,wasm,firefox57,1.0372,0.0126,1.0130,1.0670,30,1.0410,1.0140,1.0330,1.0320,1.0290,1.0390,1.0490,1.0520,1.0340,1.0290,1.0300,1.0520,1.0350,1.0670,1.0510,1.0600,1.0290,1.0510,1.0350,1.0290,1.0310,1.0280,1.0490,1.0250,1.0500,1.0320,1.0130,1.0320,1.0330,1.0310
fft,c,wasm,firefox57,0.8628,0.0279,0.8210,0.9590,30,0.8490,0.8610,0.8640,0.8690,0.8510,0.8510,0.8870,0.8210,0.8540,0.8320,0.9590,0.8470,0.8460,0.8570,0.8500,0.8990,0.8470,0.8830,0.8440,0.8280,0.8580,0.8620,0.8490,0.8420,0.8720,0.8580,0.8980,0.8640,0.9190,0.8620
fft,js,browserify,firefox57,1.6278,0.0260,1.6024,1.7128,30,1.6096,1.6082,1.6304,1.7128,1.6928,1.6066,1.6651,1.6443,1.6420,1.6088,1.6123,1.6063,1.6380,1.6167,1.6139,1.6034,1.6109,1.6295,1.6114,1.6024,1.6176,1.6100,1.6131,1.6244,1.6426,1.6553,1.6247,1.6149,1.6282,1.6370
hmm,js,browserify,firefox57,4.1518,0.0702,4.0194,4.4509,90,4.1695,4.1477,4.1228,4.2580,4.1021,4.1892,4.1655,4.1475,4.0733,4.1176,4.0656,4.2089,4.0947,4.1397,4.2653,4.1535,4.1459,4.0826,4.1644,4.1559,4.1464,4.1360,4.1210,4.1600,4.0961,4.2277,4.1673,4.1678,4.1222,4.2983,4.1127,4.0746,4.1451,4.1550,4.2373,4.1081,4.1571,4.1501,4.1355,4.1604,4.1124,4.1238,4.0779,4.0702,4.0345,4.1416,4.2186,4.1807,4.2433,4.1074,4.2165,4.0754,4.2133,4.1665,4.2207,4.0733,4.1534,4.2805,4.0586,4.1603,4.2551,4.1416,4.1084,4.4509,4.1787,4.0475,4.1443,4.1584,4.2086,4.1311,4.2069,4.0847,4.1871,4.0194,4.0255,4.1368,4.1330,4.1419,4.1703,4.3049,4.1792,4.1818,4.1571,4.0378,4.1036,4.0515,4.1639,4.1038,4.3077,4.1614
hmm,c,wasm,firefox57,1.9910,0.0462,1.8740,2.1470,31,1.9690,1.9690,1.9880,1.9570,2.0450,1.9820,1.9730,2.0130,1.9960,2.1010,1.9940,2.0150,1.9730,1.9570,2.1470,1.9710,1.9500,1.9950,1.8740,1.9720,1.9720,1.9660,1.9990,2.0130,1.9870,2.0070,1.9990,1.9720,2.0150,1.9800,1.9710
lavamd,js,browserify,firefox57,1.2316,0.0154,1.2102,1.2648,30,1.2648,1.2330,1.2155,1.2431,1.2197,1.2413,1.2336,1.2425,1.2347,1.2250,1.2606,1.2204,1.2102,1.2122,1.2128,1.2191,1.2497,1.2195,1.2442,1.2359,1.2250,1.2333,1.2294,1.2205,1.2154,1.2613,1.2476,1.2176,1.2405,1.2185
nqueens,js,browserify,firefox57,5.6643,0.1832,5.3630,6.3180,30,5.9200,5.5510,5.9790,5.7100,5.5390,5.6330,5.5350,5.5320,5.8490,6.3180,5.7960,5.6160,5.5450,5.5900,5.6450,5.3630,5.7890,5.5900,5.5310,5.7420,5.6160,5.7970,5.5840,5.5560,5.5780,5.7870,5.5900,5.5700,5.5410,5.5370
lavamd,c,wasm,firefox57,1.3826,0.0432,1.2740,1.4960,30,1.4520,1.3800,1.3650,1.3530,1.3250,1.3420,1.3880,1.3750,1.4240,1.3870,1.3530,1.4140,1.3740,1.3530,1.4320,1.3730,1.4020,1.3950,1.3620,1.2740,1.3060,1.3650,1.3980,1.3940,1.4120,1.4320,1.4960,1.3750,1.3730,1.4030
nw,c,wasm,firefox57,0.7355,0.0222,0.6320,0.7620,30,0.7400,0.7600,0.7400,0.7320,0.7310,0.7530,0.7410,0.7340,0.7460,0.7530,0.7310,0.7180,0.7270,0.7230,0.7430,0.7370,0.7370,0.7560,0.7380,0.7290,0.7360,0.7420,0.7290,0.7420,0.7420,0.7370,0.7620,0.6320,0.7480,0.7270
nw,js,browserify,firefox57,0.8966,0.0183,0.8660,0.9476,30,0.8734,0.9121,0.8950,0.8660,0.8760,0.9007,0.9003,0.8870,0.9301,0.8976,0.8728,0.9081,0.9156,0.8772,0.9009,0.8956,0.9023,0.8863,0.8878,0.9476,0.8881,0.8939,0.9110,0.9109,0.9263,0.8924,0.8899,0.8760,0.8962,0.8819
nqueens,c,wasm,firefox57,3.6386,0.0653,3.5690,3.8010,30,3.7100,3.6180,3.5710,3.6610,3.6380,3.6370,3.5920,3.5920,3.5880,3.6580,3.7000,3.5910,3.6310,3.5830,3.6000,3.7550,3.6040,3.6600,3.6170,3.5720,3.7130,3.5760,3.5950,3.6020,3.7650,3.5950,3.7510,3.6140,3.8010,3.5690
pagerank,js,browserify,firefox57,0.4001,0.0148,0.3858,0.4332,30,0.4332,0.4298,0.4300,0.4240,0.4273,0.4039,0.3882,0.4076,0.3981,0.3876,0.3864,0.3983,0.3963,0.3926,0.3970,0.3970,0.3867,0.3891,0.3858,0.3875,0.3859,0.3862,0.4083,0.3951,0.4017,0.3873,0.4100,0.3938,0.3969,0.3926
pagerank,c,wasm,firefox57,0.2919,0.0123,0.2500,0.3270,30,0.2920,0.2900,0.2930,0.2500,0.2950,0.2910,0.2800,0.2970,0.3270,0.2900,0.2900,0.3090,0.2910,0.2860,0.3010,0.2790,0.2920,0.3130,0.2960,0.2910,0.2900,0.2910,0.2920,0.2910,0.2870,0.2930,0.2960,0.2900,0.2810,0.2930
srad,js,browserify,firefox57,7.3579,0.1458,7.1386,7.6458,30,7.1475,7.2956,7.5023,7.5726,7.5068,7.3810,7.1872,7.4645,7.4581,7.4454,7.3756,7.5312,7.1615,7.4410,7.4279,7.2659,7.6024,7.2412,7.2778,7.1913,7.1386,7.3775,7.2015,7.6458,7.3876,7.2844,7.1408,7.2634,7.4128,7.4068
spmv,js,browserify,firefox57,1.3705,0.0280,1.3312,1.4346,30,1.3529,1.3361,1.3419,1.3960,1.4291,1.3724,1.3947,1.3726,1.3938,1.3578,1.3609,1.3618,1.3536,1.3518,1.3697,1.3863,1.3809,1.3478,1.3312,1.3754,1.3951,1.4346,1.3520,1.3416,1.3708,1.3391,1.4322,1.3499,1.3484,1.3837
spmv,c,wasm,firefox57,0.9242,0.0386,0.8990,1.0860,30,0.9170,0.9080,0.9060,0.8990,0.9670,1.0860,0.9050,0.9010,1.0070,0.9080,0.8990,0.9320,0.9030,0.9550,0.9230,0.9040,0.8990,0.9050,0.9230,0.9050,0.9190,0.9090,0.9110,0.9040,0.9450,0.9050,0.9130,0.9250,0.9120,0.9320
backprop,js,browserify,chromium63,1.5215,0.0247,1.4857,1.5896,30,1.5123,1.5862,1.5896,1.5202,1.5399,1.5549,1.5230,1.5105,1.5152,1.5548,1.5106,1.5043,1.5349,1.4857,1.5101,1.5077,1.5276,1.5193,1.5168,1.5129,1.4899,1.5419,1.5024,1.4946,1.5210,1.4937,1.5276,1.5013,1.5216,1.5149
srad,c,wasm,firefox57,3.5365,0.0674,3.4730,3.7650,30,3.5160,3.5060,3.5530,3.5150,3.4850,3.4790,3.5660,3.6750,3.6320,3.5400,3.4900,3.5080,3.6020,3.4900,3.5670,3.4790,3.5000,3.4750,3.5480,3.7650,3.5340,3.4730,3.4860,3.4760,3.5960,3.4870,3.5700,3.4870,3.5880,3.5070
backprop,c,wasm,chromium63,0.7745,0.0104,0.7620,0.8080,30,0.7620,0.7650,0.7710,0.7680,0.7740,0.8080,0.7690,0.7700,0.7720,0.7760,0.7680,0.7650,0.7810,0.7690,0.7710,0.7640,0.7640,0.7980,0.7650,0.7920,0.7700,0.7720,0.7760,0.7700,0.7820,0.7830,0.7710,0.7760,0.7840,0.7780
lud,c,wasm,chromium63,0.7460,0.0626,0.6780,1.0510,30,0.7350,0.7240,0.7210,0.7440,0.7210,0.7380,0.8200,0.7300,0.7440,0.6780,0.7400,0.6980,0.7320,0.7190,1.0510,0.7230,0.7260,0.7510,0.7630,0.7480,0.7180,0.7350,0.7290,0.7500,0.7410,0.7340,0.7270,0.7350,0.7820,0.7220
lud,js,browserify,chromium63,1.2102,0.0246,1.1770,1.2640,30,1.1830,1.2470,1.2060,1.1810,1.2250,1.2230,1.2390,1.2340,1.2030,1.2120,1.2010,1.1780,1.2020,1.1890,1.1770,1.2320,1.2260,1.2040,1.2340,1.2290,1.1810,1.2340,1.2390,1.1790,1.2100,1.1780,1.2200,1.2640,1.1950,1.1820
bfs,js,browserify,chromium63,0.2764,0.0134,0.2698,0.3443,30,0.2831,0.2714,0.2761,0.2793,0.2711,0.2703,0.2699,0.2705,0.2714,0.2815,0.2709,0.2719,0.2736,0.2758,0.2772,0.2736,0.2716,0.2700,0.2774,0.2698,0.2758,0.2715,0.2704,0.2794,0.2807,0.2758,0.3443,0.2711,0.2707,0.2771
bfs,cpp,wasm,chromium63,0.1140,0.0018,0.1110,0.1180,30,0.1140,0.1140,0.1150,0.1140,0.1120,0.1140,0.1110,0.1180,0.1140,0.1160,0.1140,0.1120,0.1110,0.1150,0.1120,0.1110,0.1160,0.1150,0.1160,0.1150,0.1140,0.1140,0.1140,0.1150,0.1140,0.1170,0.1120,0.1120,0.1140,0.1140
crc,js,browserify,chromium63,0.9289,0.0370,0.9018,1.0388,30,0.9323,0.9033,0.9029,0.9264,0.9271,0.9245,0.9286,0.9416,0.9040,0.9058,0.9060,0.9022,0.9018,0.9140,1.0141,1.0328,0.9287,0.9275,0.9079,0.9032,0.9415,0.9276,0.9554,0.9270,0.9310,1.0388,0.9028,0.9040,0.9018,0.9028
crc,c,wasm,chromium63,0.9461,0.0188,0.8820,0.9800,30,0.9430,0.9560,0.9480,0.9350,0.9640,0.9110,0.9340,0.9420,0.9630,0.9540,0.9430,0.9490,0.9750,0.9460,0.9430,0.9790,0.9380,0.9430,0.9610,0.8820,0.9800,0.9430,0.9560,0.9400,0.9440,0.9510,0.9410,0.9320,0.9420,0.9460
fft,c,wasm,chromium63,0.8557,0.0357,0.8160,1.0030,30,0.8330,0.8550,0.9060,0.8580,1.0030,0.8350,0.8320,0.8320,0.8680,0.8400,0.8370,0.8770,0.8350,0.8410,0.8860,0.8880,0.8430,0.8460,0.8640,0.8370,0.8740,0.8330,0.8420,0.8190,0.8270,0.8160,0.8570,0.8490,0.8460,0.8910
fft,js,browserify,chromium63,5.0120,0.0868,4.9292,5.1974,30,4.9650,5.1350,4.9714,4.9724,4.9292,4.9465,4.9452,5.1744,4.9294,4.9846,4.9767,4.9874,4.9811,4.9987,4.9619,5.1637,4.9442,5.0470,5.0121,5.1749,4.9650,5.0026,4.9327,5.1226,4.9599,4.9710,4.9293,5.1974,5.1387,4.9398
hmm,js,browserify,chromium63,4.0340,0.0484,3.9728,4.1523,30,4.0719,4.0768,4.1523,3.9955,4.0775,4.0068,3.9748,3.9811,3.9997,4.1008,3.9865,4.0465,4.0064,4.0645,4.0461,4.0191,3.9743,4.0103,4.0908,3.9894,4.0783,4.0369,4.0834,4.0555,3.9728,3.9737,4.0155,4.0993,3.9765,4.0580
hmm,c,wasm,chromium63,1.9655,0.0463,1.8640,2.0960,30,1.9480,1.9720,1.9520,1.9650,1.9850,1.8850,1.9380,2.0090,1.9220,1.9560,1.9000,1.8640,1.9780,1.9960,2.0960,2.0070,1.9730,1.9480,1.9240,1.9610,1.9680,1.9610,1.9560,2.0410,1.9400,2.0200,2.0230,1.9360,1.9760,1.9650
lavamd,js,browserify,chromium63,1.6929,0.0250,1.6651,1.7778,30,1.7015,1.7021,1.6708,1.6974,1.6946,1.7075,1.7103,1.6970,1.6658,1.6675,1.6659,1.6651,1.7778,1.6796,1.7047,1.7019,1.6659,1.6800,1.7147,1.7168,1.7082,1.7049,1.6661,1.6694,1.7145,1.6653,1.6770,1.6703,1.7189,1.7048
nqueens,js,browserify,chromium63,6.1515,0.1074,6.0410,6.5610,30,6.1800,6.0860,6.1720,6.3240,6.1420,6.1820,6.1310,6.1370,6.0510,6.0630,6.0640,6.1460,6.0680,6.1590,6.1820,6.0440,6.0990,6.1070,6.1470,6.0410,6.2200,6.5610,6.1440,6.0470,6.0700,6.1320,6.1160,6.1620,6.3500,6.2190
nqueens,c,wasm,chromium63,3.5053,0.0518,3.4240,3.6810,30,3.5260,3.5490,3.4710,3.4750,3.4700,3.4740,3.4760,3.4860,3.5070,3.6810,3.4790,3.5040,3.5200,3.4790,3.4940,3.4650,3.4620,3.4770,3.5490,3.5470,3.5970,3.4630,3.5060,3.5050,3.4770,3.4870,3.4240,3.6070,3.4770,3.5260
lavamd,c,wasm,chromium63,1.2031,0.0533,1.1310,1.4150,30,1.1820,1.2130,1.1780,1.4150,1.2000,1.2010,1.2010,1.2030,1.2080,1.3340,1.2020,1.1930,1.2000,1.1540,1.1970,1.1670,1.1810,1.2000,1.2010,1.2510,1.1520,1.1380,1.2120,1.2020,1.1910,1.2000,1.1940,1.1900,1.2010,1.1310
nw,js,browserify,chromium63,0.9523,0.0137,0.9358,0.9815,30,0.9619,0.9740,0.9639,0.9428,0.9643,0.9614,0.9491,0.9410,0.9418,0.9414,0.9358,0.9472,0.9387,0.9407,0.9815,0.9737,0.9477,0.9493,0.9652,0.9517,0.9566,0.9615,0.9721,0.9390,0.9385,0.9358,0.9410,0.9708,0.9394,0.9405
nw,c,wasm,chromium63,0.5508,0.0195,0.5090,0.6290,30,0.5090,0.5600,0.5480,0.5410,0.5480,0.5480,0.5490,0.5510,0.5440,0.5440,0.5400,0.5470,0.5320,0.5520,0.5530,0.5500,0.5540,0.5540,0.5480,0.5410,0.5500,0.5530,0.5290,0.5530,0.5490,0.5610,0.5490,0.5910,0.5480,0.6290
pagerank,js,browserify,chromium63,0.6213,0.0127,0.6014,0.6573,30,0.6235,0.6269,0.6027,0.6210,0.6284,0.6228,0.6200,0.6395,0.6292,0.6161,0.6573,0.6048,0.6014,0.6058,0.6348,0.6019,0.6134,0.6096,0.6222,0.6269,0.6319,0.6061,0.6237,0.6265,0.6295,0.6275,0.6347,0.6094,0.6232,0.6171
pagerank,c,wasm,chromium63,0.2840,0.0089,0.2600,0.3070,30,0.2830,0.2820,0.2910,0.2840,0.2850,0.2930,0.2840,0.2810,0.2860,0.2800,0.2840,0.2830,0.2600,0.2760,0.3070,0.2850,0.2970,0.2790,0.2810,0.2860,0.2920,0.2840,0.2840,0.2850,0.2930,0.2880,0.2890,0.2620,0.2810,0.2760
spmv,js,browserify,chromium63,23.6394,0.1041,23.4814,23.8665,30,23.5397,23.5604,23.6346,23.6695,23.8665,23.5425,23.7693,23.6897,23.6820,23.6152,23.5730,23.7219,23.7489,23.5080,23.5933,23.5711,23.5858,23.6714,23.5162,23.5864,23.6194,23.5547,23.6384,23.4814,23.5989,23.8160,23.5944,23.8447,23.5728,23.8161
srad,c,wasm,chromium63,3.4617,0.0934,3.3290,3.7150,30,3.4410,3.6790,3.4650,3.4100,3.3290,3.5200,3.4430,3.3720,3.4440,3.5390,3.4310,3.5140,3.7150,3.4490,3.3990,3.4520,3.3740,3.5940,3.4600,3.4150,3.4260,3.3510,3.5920,3.5160,3.4470,3.3400,3.4730,3.4120,3.5070,3.3420
spmv,c,wasm,chromium63,0.7416,0.0106,0.7300,0.7720,30,0.7620,0.7360,0.7330,0.7490,0.7490,0.7320,0.7310,0.7350,0.7370,0.7510,0.7520,0.7300,0.7460,0.7350,0.7320,0.7320,0.7520,0.7360,0.7480,0.7310,0.7350,0.7340,0.7540,0.7350,0.7370,0.7330,0.7530,0.7460,0.7720,0.7390
srad,js,browserify,chromium63,7.1608,0.0940,7.0624,7.4549,30,7.1381,7.0880,7.1171,7.1983,7.0924,7.1820,7.0903,7.1574,7.0642,7.1399,7.1254,7.1676,7.3727,7.4549,7.0760,7.2743,7.0776,7.0880,7.2306,7.0624,7.1048,7.1260,7.1211,7.1024,7.1543,7.2570,7.1021,7.2488,7.2886,7.1215
